record_id,brand_name,generic_names,strength,dosage_form,route,manufacturer,registration_number,dgda_match,monograph_url,verdict,notes
med_9f1fc154dd74b9c6,Zotrix 400,Pazopanib,400 mg,tablet,,Jenphar Bangladesh Ltd.,351-0242-010,MATCHED,,,
med_dbc1a6f90ebd5964,Osartan,Hydrochlorothiazide; Losartan,12.5 mg + 50 mg,tablet,,Aristopharma Limited,143-0335-022,MATCHED,,,
med_4c1041ea3ea7fdfa,Painmove,Methyl; Menthol,30%+8%,cream,,The White Horse Pharma,,NOT_FOUND,,,
med_bc51ee1e62864a5e,Virux-HC,Acyclovir; Hydrocortisone,5%+1%,cream,,Square Pharmaceuticals PLC,,NOT_FOUND,,,
med_12d6c3c62f14314a,Plexvit,Nicotinamide; Pyridoxine; Riboflavin; Vitamin B1,20 mg + 2 mg + 2 mg + 5 mg,capsule,,MST Pharma and Healthcare Ltd.,018-0021-078,MATCHED,,,
med_13ec4a38aa137f4e,Defrol,Cholecalciferol,1000 IU,tablet,,The ACME Laboratories Ltd.,036-0868-078,MATCHED,,,
med_7243fe97c108a7a0,Zinca,Zinc,20 mg/5 ml,syrup,,Apollo Pharmaceutical Laboratories Ltd.,076-0073-062,MATCHED,,,
med_cdbdc508b1779804,Ipralin,Ipratropium; Salbutamol,20 mcg + 100 mcg/Metered Inhalation,inhaler,,Aristopharma Limited,143-0470-044,MATCHED,,,
med_15951980a0ca7d90,ATV Eze 10,Atorvastatin; Ezetimibe,10 mg + 10 mg,tablet,,Delta Pharma PLC.,048-0380-061,MATCHED,,,
med_07c4b4d225ca7a77,Ezytake Oral Solution,Picosulfate,100 mg/100 ml,oral_solution,oral,Goodman Pharmaceuticals Ltd,338-0143-060,MATCHED,,,
